keys,es,en
%d enlaces,%d enlaces,%d links
"%d importados, %d omitidos.","%d importados, %d omitidos.","%d imported, %d skipped."
%d inválidas ignoradas.,%d inválidas ignoradas.,%d invalid ignored.
%d omitidos (ya existían o sin URL válida).,%d omitidos (ya existían o sin URL válida).,%d skipped (already existing or no valid URL).
%d repetidas ignoradas.,%d repetidas ignoradas.,%d duplicates ignored.
%s %s,%s %s,%s %s
%s — %s — %s,%s — %s — %s,%s — %s — %s
(%d errores),(%d errores),(%d errors)
(%d intentos),(%d intentos),(%d attempts)
7 días,7 días,7 days
30 días,30 días,30 days
90 días,90 días,90 days
Aceptar los certificados TLS no válidos,Aceptar los certificados TLS no válidos,Accept invalid TLS certificates
Activos:,Activos:,Working:
Agregar,Agregar,Add
Agregar enlace,Agregar enlace,Add link
Agregar varias URLs,Agregar varias URLs,Add multiple URLs
Añade enlaces o importa un catálogo para ver aquí sus estadísticas.,Añade enlaces o importa un catálogo para ver aquí sus estadísticas.,Add links or import a catalog to see its statistics here.
Auto-escaneo,Auto-escaneo,Auto-scan
Automático,Automático,Automatic
Bajar,Bajar,Move down
Buscar por nombre o descripción...,Buscar por nombre o descripción...,Search by name or description...
Cancelar,Cancelar,Cancel
Captura reutilizada,Captura reutilizada,Capture reused
Capturas huérfanas eliminadas: %d,Capturas huérfanas eliminadas: %d,Orphaned captures deleted: %d
Categoría,Categoría,Category
Catálogo exportado (%d enlaces).,Catálogo exportado (%d enlaces).,Catalogue exported (%d links).
Catálogo restaurado desde la copia.,Catálogo restaurado desde la copia.,Catalogue restored from backup.
Caído,Caído,Down
Caídos,Caídos,Down
Caídos / no existen,Caídos / no existen,Down / missing
Caídos: %d,Caídos: %d,Broken: %d
Cada 1 hora,Cada 1 hora,Every hour
Cada 15 minutos,Cada 15 minutos,Every 15 minutes
Cada 30 minutos,Cada 30 minutos,Every 30 minutes
Código,Código,Code
Cualquier palabra,Cualquier palabra,Any word
Cerrar,Cerrar,Close
Certificado no válido (aceptado),Certificado no válido (aceptado),Invalid certificate (accepted)
"Certificado no válido (aceptado por preferencia)","Certificado no válido (aceptado por preferencia)","Invalid certificate (accepted by preference)"
Certificado no válido (rechazado),Certificado no válido (rechazado),Invalid certificate (rejected)
Claro,Claro,Light
Cliente,Cliente,Client
Comprobado: %s,Comprobado: %s,Checked: %s
Comprobando %d/%d…,Comprobando %d/%d…,Checking %d/%d…
Comprobando 0/%d…,Comprobando 0/%d…,Checking 0/%d…
Comprobando…,Comprobando…,Checking…
Comprobaciones por día,Comprobaciones por día,Checks per day
Comprobar actualizaciones,Comprobar actualizaciones,Check for updates
Comprobar actualizaciones…,Comprobar actualizaciones…,Check for updates…
Comprobar cada,Comprobar cada,Check every
Comprobar enlaces,Comprobar enlaces,Check links
Comprobar enlaces al abrir,Comprobar enlaces al abrir,Check links on open
Conexión cerrada,Conexión cerrada,Connection closed
Copiar URL,Copiar URL,Copy URL
Código: %s,Código: %s,Code: %s
Códigos fuente,Códigos fuente,Source code
Dashboard de estadísticas,Dashboard de estadísticas,Statistics dashboard
Dashboard de estadísticas…,Dashboard de estadísticas…,Statistics dashboard…
Desactivado,Desactivado,Disabled
Descartar,Descartar,Discard
Descripción,Descripción,Description
días,días,days
Diagnóstico guardado en %s.,Diagnóstico guardado en %s.,Diagnostics saved to %s.
Disp.,Disp.,Avail.
Disponible: %s %% (%d comprobados),Disponible: %s %% (%d comprobados),Available: %s %% (%d checked)
Disponibilidad,Disponibilidad,Availability
Disponibilidad de %d enlaces comprobados,Disponibilidad de %d enlaces comprobados,Availability of %d checked links
Disponibles,Disponibles,Available
Doble clic en una fila para verla en la lista.,Doble clic en una fila para verla en la lista.,Double-click a row to see it in the list.
Editar…,Editar…,Edit…
Editar enlace,Editar enlace,Edit link
Ej. (Cliente + códigos),Ej. (Cliente + códigos),E.g. (Client + code)
Ej. Mi servidor AO,Ej. Mi servidor AO,E.g. My AO server
"Ej. AO 1.6, español, servidor PVP","Ej. AO 1.6, español, servidor PVP","E.g. AO 1.6, Spanish, PvP server"
El catálogo está vacío.,El catálogo está vacío.,The catalog is empty.
El nombre no puede estar vacío.,El nombre no puede estar vacío.,The name cannot be empty.
Elegir imagen,Elegir imagen,Choose image
Elegir imagen…,Elegir imagen…,Choose image…
Eliminar,Eliminar,Delete
Eliminar enlace,Eliminar enlace,Delete link
Enlace,Enlace,Link
Enlace actualizado: %s,Enlace actualizado: %s,Link updated: %s
Enlace agregado: %s,Enlace agregado: %s,Link added: %s
Enlace eliminado,Enlace eliminado,Link deleted
Enlaces que más han caído,Enlaces que más han caído,Links that have failed the most
Error HTTP %d,Error HTTP %d,HTTP error %d
Error TLS/HTTPS,Error TLS/HTTPS,TLS/HTTPS error
Escaneo,Escaneo,Scanning
Error de conexión,Error de conexión,Connection error
Estado,Estado,Status
Estadísticas del catálogo,Estadísticas del catálogo,Catalog statistics
Estadísticas exportadas.,Estadísticas exportadas.,Statistics exported.
Etiquetas,Etiquetas,Tags
Estás al día (v%s),Estás al día (v%s),You are up to date (v%s)
"Existe, acceso restringido (%d)","Existe, acceso restringido (%d)","Exists, restricted access (%d)"
Exportar catálogo JSON,Exportar catálogo JSON,Export JSON catalogue
Exportar CSV,Exportar CSV,Export CSV
Exportar diagnóstico,Exportar diagnóstico,Export diagnostics
Exportar diagnóstico…,Exportar diagnóstico…,Export diagnostics…
Exportar estadísticas,Exportar estadísticas,Export statistics
Exportar JSON,Exportar JSON,Export JSON
Exportar…,Exportar…,Export…
Fecha,Fecha,Date
Filtro aplicado desde el dashboard.,Filtro aplicado desde el dashboard.,Filter applied from the dashboard.
Filtro eliminado: %s,Filtro eliminado: %s,Filter deleted: %s
Filtro guardado: %s,Filtro guardado: %s,Filter saved: %s
Gestor de enlaces AO,Gestor de enlaces AO,AO Link Manager
Guardar,Guardar,Save
Guardar cambios,Guardar cambios,Save changes
Guardar filtro…,Guardar filtro…,Save filter…
Guardar filtro como…,Guardar filtro como…,Save filter as…
Guardar informe de disponibilidad,Guardar informe de disponibilidad,Save availability report
Idioma,Idioma,Language
Hay una comprobación pendiente. ¿Reanudar el escaneo?,Hay una comprobación pendiente. ¿Reanudar el escaneo?,A check is pending. Resume scanning?
Hay una nueva versión: %s,Hay una nueva versión: %s,A new version is available: %s
Historial de disponibilidad,Historial de disponibilidad,Availability history
Historial…,Historial…,History…
Imagen,Imagen,Image
Importar…,Importar…,Import…
Individual,Individual,Single
Informe %s guardado (%d enlaces).,Informe %s guardado (%d enlaces).,%s report saved (%d links).
Informe de disponibilidad…,Informe de disponibilidad…,Availability report…
La URL debe empezar por http:// o https://.,La URL debe empezar por http:// o https://.,The URL must start with http:// or https://.
La URL no puede estar vacía.,La URL no puede estar vacía.,The URL cannot be empty.
Limpiar,Limpiar,Clean
Limpiar capturas huérfanas,Limpiar capturas huérfanas,Clean orphan captures
Limpiar capturas huérfanas…,Limpiar capturas huérfanas…,Clean orphan captures…
Listo: %d caídos de %d,Listo: %d caídos de %d,Done: %d down of %d
"Marcar los fallos de red como «sin comprobar» en vez de «caído»","Marcar los fallos de red como «sin comprobar» en vez de «caído»","Mark network failures as «not checked» instead of «down»"
Nada que comprobar,Nada que comprobar,Nothing to check
No existe (%d),No existe (%d),Does not exist (%d)
No existe el dominio,No existe el dominio,Domain does not exist
No existe ese filtro.,No existe ese filtro.,That filter does not exist.
No hay capturas huérfanas.,No hay capturas huérfanas.,No orphan captures.
No hay copia de seguridad disponible.,No hay copia de seguridad disponible.,No backup available.
No se añadió ningún enlace.,No se añadió ningún enlace.,No link was added.
No se encontró el enlace.,No se encontró el enlace.,Link not found.
No se pudo cargar la imagen.,No se pudo cargar la imagen.,Could not load the image.
No se pudo comprobar actualizaciones.,No se pudo comprobar actualizaciones.,Could not check for updates.
No se pudo conectar,No se pudo conectar,Could not connect
No se pudo enviar la petición,No se pudo enviar la petición,Could not send the request
No se pudo exportar el diagnóstico (%d errores).,No se pudo exportar el diagnóstico (%d errores).,Could not export diagnostics (%d errors).
No se pudo exportar.,No se pudo exportar.,Could not export.
No se pudo guardar el catálogo.,No se pudo guardar el catálogo.,Could not save the catalogue.
No se pudo guardar el enlace.,No se pudo guardar el enlace.,Could not save the link.
No se pudo guardar el lote.,No se pudo guardar el lote.,Could not save the batch.
No se pudo guardar el orden.,No se pudo guardar el orden.,Could not save the order.
No se pudo guardar la configuración.,No se pudo guardar la configuración.,Could not save the settings.
No se pudo iniciar la conexión,No se pudo iniciar la conexión,Could not start the connection
No se pudo procesar la imagen.,No se pudo procesar la imagen.,Could not process the image.
No se pudo restaurar la copia.,No se pudo restaurar la copia.,Could not restore the backup.
No se pudo escribir el catálogo base.,No se pudo escribir el catálogo base.,Could not write the base catalogue.
Nombre,Nombre,Name
Nueva versión disponible,Nueva versión disponible,New version available
OK (%d),OK (%d),OK (%d)
Oscuro,Oscuro,Dark
"Ordenar por %s","Ordenar por %s","Sort by %s"
Otro,Otro,Other
Parche,Parche,Patch
Pasa el ratón por una barra para ver el detalle.,Pasa el ratón por una barra para ver el detalle.,Hover a bar for details.
Pega al menos una URL.,Pega al menos una URL.,Paste at least one URL.
Por categoría,Por categoría,By category
Por host (problemáticos),Por host (problemáticos),By host (troubled)
Preferencias,Preferencias,Preferences
Preferencias…,Preferencias…,Preferences…
Presets…,Presets…,Presets…
Quitar imagen,Quitar imagen,Remove image
Rango de días incluido en el gráfico,Rango de días incluido en el gráfico,Day range included in the chart
Re-comprobando %s…,Re-comprobando %s…,Re-checking %s…
Reintentar los fallos transitorios (2 veces),Reintentar los fallos transitorios (2 veces),Retry transient failures (twice)
Reanudar,Reanudar,Resume
Reanudar escaneo,Reanudar escaneo,Resume scan
Redirección inválida (%d),Redirección inválida (%d),Invalid redirect (%d)
Restaurar,Restaurar,Restore
Restaurar copia,Restaurar copia,Restore backup
Restaurar copia…,Restaurar copia…,Restore backup…
Rotos:,Rotos:,Broken:
Salir,Salir,Quit
Se añadieron %d enlaces.,Se añadieron %d enlaces.,%d links added.
Servidor,Servidor,Server
Sin comprobaciones todavía,Sin comprobaciones todavía,No checks yet
Sin comprobar,Sin comprobar,Not checked
Sin comprobar: %d,Sin comprobar: %d,Not checked: %d
Sin historial,Sin historial,No history
Sin conexión segura,Sin conexión segura,No secure connection
Sin respuesta (tiempo agotado),Sin respuesta (tiempo agotado),No response (timed out)
"Solo para catálogos con hostings antiguos: el enlace pasa a «válido con aviso» en vez de «caído».","Solo para catálogos con hostings antiguos: el enlace pasa a «válido con aviso» en vez de «caído».","Only for catalogs with old hosts: the link becomes «valid with a warning» instead of «down»."
Subir,Subir,Move up
Tema,Tema,Theme
Timeout por enlace (segundos),Timeout por enlace (segundos),Per-link timeout (seconds)
Todas,Todas,All
Todas las palabras,Todas las palabras,All words
Todo el histórico,Todo el histórico,All history
Todavía no hay comprobaciones. Pulsa Comprobar enlaces para empezar.,Todavía no hay comprobaciones. Pulsa Comprobar enlaces para empezar.,No checks yet. Press Check links to start.
Todos,Todos,All
Total,Total,Total
Total:,Total:,Total:
URL,URL,URL
URL copiada: %s,URL copiada: %s,URL copied: %s
URL inválida,URL inválida,Invalid URL
Una URL por línea,Una URL por línea,One URL per line
Última,Última,Last
Varias,Varias,Multiple
Ver release,Ver release,View release
Verificaciones en paralelo,Verificaciones en paralelo,Parallel checks
Vista grilla,Vista grilla,Grid view
Vista lista,Vista lista,List view
Volver a comprobar,Volver a comprobar,Re-check
Válido,Válido,Working
Válidos,Válidos,Valid
Válidos: %d,Válidos: %d,Valid: %d
Veces,Veces,Times
Ya existe: %s,Ya existe: %s,Already exists: %s
¿Borrar %d capturas huérfanas?,¿Borrar %d capturas huérfanas?,Delete %d orphan captures?
¿Eliminar «%s» para siempre?,¿Eliminar «%s» para siempre?,Delete “%s” forever?
¿Reanudar escaneo de %d enlaces?,¿Reanudar escaneo de %d enlaces?,Resume scanning %d links?
¿Restaurar el catálogo desde la copia de seguridad?,¿Restaurar el catálogo desde la copia de seguridad?,Restore the catalogue from the backup?
"Abrir el dashboard",Abrir el dashboard,Open the dashboard
Cambio,Change,Change
Cambios desde la última vez,Cambios desde la última vez,Changes since last time
Cambios exportados.,Cambios exportados.,Changes exported.
cambió,cambió,changed
"El historial de cambios llega hasta %s.",El historial de cambios llega hasta %s.,The change history goes back to %s.
Detalle,Detalle,Detail
Exportar cambios,Exportar cambios,Export changes
Filtrar en la lista,Filtrar en la lista,Filter in the list
"Ha cambiado desde la última vez y ahora está caído.",Ha cambiado desde la última vez y ahora está caído.,It changed since last time and is now down.
"Ha cambiado desde la última vez y ahora está válido.",Ha cambiado desde la última vez y ahora está válido.,It changed since last time and is now up.
"Ha cambiado desde la última vez.",Ha cambiado desde la última vez.,It changed since last time.
Sin cambios,Sin cambios,No changes
"%d nuevos caídos",%d nuevos caídos,%d newly down
"%d nuevo caído",%d nuevo caído,%d newly down
%d recuperados,%d recuperados,%d recovered
"%d recuperado",%d recuperado,%d recovered
%d reubicados,%d reubicados,%d moved
"%d reubicado",%d reubicado,%d moved
"%s → %s",%s → %s,%s → %s
Sin cambios desde la última vez,Sin cambios desde la última vez,No changes since last time
Viendo cambios…,Viendo cambios…,Viewing changes…
No se pudo guardar el historial de cambios.,No se pudo guardar el historial de cambios.,Could not save the change history.
1 seleccionado,1 seleccionado,1 selected
%d seleccionados,%d seleccionados,%d selected
%d URLs copiadas,%d URLs copiadas,%d URLs copied
%d enlaces eliminados,%d enlaces eliminados,%d links deleted
¿Eliminar %d enlaces para siempre?,¿Eliminar %d enlaces para siempre?,Delete %d links for good?
0 seleccionados,0 seleccionados,0 selected
Seleccionar lo que veo,Seleccionar lo que veo,Select what I see
Comprobar seleccionados,Comprobar seleccionados,Check selected
Copiar URLs,Copiar URLs,Copy URLs
Exportar selección,Exportar selección,Export selection
Eliminar seleccionados,Eliminar seleccionados,Delete selected
Quitar selección,Quitar selección,Clear selection
"Seleccionado: Ctrl+C copia, Ctrl+Intro comprueba, Mayús+Supr elimina.","Seleccionado: Ctrl+C copia, Ctrl+Intro comprueba, Mayús+Supr elimina.","Selected: Ctrl+C copies, Ctrl+Enter checks, Shift+Delete deletes."
Actualizar URL,Actualizar URL,Update URL
Actualizar,Actualizar,Update
Enlaces reubicados,Enlaces reubicados,Relocated links
Actualizar todos,Actualizar todos,Update all
Origen,Origen,Origin
Destino,Destino,Destination
Comprobado,Comprobado,Checked
Actualizar URL a la nueva,Actualizar URL a la nueva,Update URL to the new one
movido,movido,moved
No hay una redirección que actualizar.,No hay una redirección que actualizar.,There is no redirect to update.
La URL nueva es la misma.,La URL nueva es la misma.,The new URL is the same.
Redirige a: %s,Redirige a: %s,Redirects to: %s
Solo cambia el dominio o el https: %s,Solo cambia el dominio o el https: %s,Only the domain or https changed: %s
Cambiar la URL de %s por %s.,Cambiar la URL de %s por %s.,Change the URL of %s to %s.
¿Actualizar «%s» a %s?,¿Actualizar «%s» a %s?,Update «%s» to %s?
¿Actualizar la URL de %d enlaces a la nueva?,¿Actualizar la URL de %d enlaces a la nueva?,Update the URL of %d links to the new one?
1 URL actualizada,1 URL actualizada,1 URL updated
%d URLs actualizadas,%d URLs actualizadas,%d URLs updated
Instantáneas diarias,Instantáneas diarias,Daily snapshots
"Cuántos días de Instantánea diaria se guardan para el gráfico del dashboard. Lo que pase de aquí se purga.","Cuántos días de Instantánea diaria se guardan para el gráfico del dashboard. Lo que pase de aquí se purga.","How many days of daily snapshot are kept for the dashboard chart. Anything older is purged."
Estado del catálogo por día,Estado del catálogo por día,Catalogue state per day
Aún no hay Instantáneas diarias: el gráfico muestra los cambios de estado del historial.,Aún no hay Instantáneas diarias: el gráfico muestra los cambios de estado del historial.,No daily snapshots yet: the chart shows the state changes from history.
Purgar instantáneas antiguas…,Purgar instantáneas antiguas…,Purge old snapshots…
No se pudieron purgar las instantáneas.,No se pudieron purgar las instantáneas.,Could not purge the snapshots.
No hay instantáneas más antiguas de %d días.,No hay instantáneas más antiguas de %d días.,There are no snapshots older than %d days.
Instantáneas antiguas eliminadas: %d,Instantáneas antiguas eliminadas: %d,Old snapshots deleted: %d
Sin datos: ese día no hubo Instantánea.,Sin datos: ese día no hubo Instantánea.,No data: no snapshot that day.
Cambios de estado: %d,Cambios de estado: %d,State changes: %d
"Desde el día anterior: %+d válidos, %+d caídos","Desde el día anterior: %+d válidos, %+d caídos","Since the previous day: %+d valid, %+d broken"
